medical_specialty,risk_category,n_patients,avg_time_in_hospital,predicted_readmit_rate,expected_bed_days,avg_daily_beds_needed
Other,Medium,6098,4.5,0.47,13510.3,450.34
InternalMedicine,Medium,1700,4.8,0.48,4075.7,135.86
Family/GeneralPractice,Medium,808,4.47,0.48,1822.8,60.76
Other,High,427,5.45,0.74,1705.8,56.86
Emergency/Trauma,Medium,622,4.6,0.46,1383.2,46.11
Cardiology,Medium,681,3.48,0.43,1065.5,35.52
Other,Low,1225,2.81,0.28,944.8,31.49
InternalMedicine,High,177,5.69,0.73,732.9,24.43
Surgery-General,Medium,324,4.32,0.45,649.1,21.64
Nephrology,Medium,150,4.67,0.48,344.9,11.5
Orthopedics,Medium,141,4.41,0.49,311.1,10.37
Pulmonology,Medium,100,6.07,0.47,295.4,9.85
Family/GeneralPractice,High,62,6.05,0.73,273.8,9.13
InternalMedicine,Low,285,2.75,0.28,212.7,7.09
Radiologist,Medium,130,3.05,0.42,177.8,5.93
Emergency/Trauma,Low,217,2.63,0.28,159.6,5.32
Orthopedics-Reconstructive,Medium,68,4.56,0.48,151.5,5.05
Cardiology,Low,183,2.84,0.28,140.5,4.68
Surgery-General,High,30,6.5,0.73,140.5,4.68
Emergency/Trauma,High,35,4.97,0.72,125.7,4.19
Cardiology,High,26,6.62,0.71,122.3,4.08
Orthopedics,High,31,4.32,0.74,99.3,3.31
Family/GeneralPractice,Low,143,2.52,0.28,97.9,3.26
Orthopedics-Reconstructive,Low,129,3.16,0.2,86.2,2.87
Nephrology,High,17,6.71,0.7,79.1,2.64
Surgery-General,Low,66,3.0,0.29,58.4,1.95
Orthopedics-Reconstructive,High,12,4.42,0.7,37.1,1.24
Orthopedics,Low,46,2.74,0.28,36.5,1.22
Pulmonology,High,7,6.86,0.69,33.0,1.1
Radiologist,High,6,6.67,0.73,29.2,0.97
Radiologist,Low,21,3.1,0.29,19.1,0.64
Nephrology,Low,10,5.4,0.27,13.3,0.44
Pulmonology,Low,21,2.67,0.26,13.0,0.43
